Frame,Landmark_ID,Normalized_X,Normalized_Y
1-0,0,0.0,0.9932885906040269
1-0,1,0.23773584905660378,1.0
1-0,2,0.4867924528301887,0.9161073825503355
1-0,3,0.6867924528301886,0.8154362416107382
1-0,4,0.8981132075471698,0.7953020134228188
1-0,5,0.6226415094339622,0.6140939597315436
1-0,6,0.8,0.4865771812080537
1-0,7,0.9056603773584906,0.40268456375838924
1-0,8,1.0,0.3187919463087248
1-0,9,0.5018867924528302,0.5
1-0,10,0.6528301886792452,0.32550335570469796
1-0,11,0.7396226415094339,0.21476510067114093
1-0,12,0.8264150943396227,0.10738255033557047
1-0,13,0.3433962264150943,0.4429530201342282
1-0,14,0.4528301886792453,0.2684563758389262
1-0,15,0.5169811320754717,0.1610738255033557
1-0,16,0.5924528301886792,0.06375838926174497
1-0,17,0.15471698113207547,0.4228187919463087
1-0,18,0.2037735849056604,0.24496644295302014
1-0,19,0.23018867924528302,0.12080536912751678
1-0,20,0.27547169811320754,0.0
2-0,0,0.0,0.9932885906040269
2-0,1,0.23773584905660378,1.0
2-0,2,0.4867924528301887,0.9161073825503355
2-0,3,0.6867924528301886,0.8154362416107382
2-0,4,0.8981132075471698,0.7953020134228188
2-0,5,0.6226415094339622,0.6140939597315436
2-0,6,0.8,0.4865771812080537
2-0,7,0.9056603773584906,0.40268456375838924
2-0,8,1.0,0.3187919463087248
2-0,9,0.5018867924528302,0.5
2-0,10,0.6528301886792452,0.32550335570469796
2-0,11,0.7396226415094339,0.21476510067114093
2-0,12,0.8264150943396227,0.10738255033557047
2-0,13,0.3433962264150943,0.4429530201342282
2-0,14,0.4528301886792453,0.2684563758389262
2-0,15,0.5169811320754717,0.1610738255033557
2-0,16,0.5924528301886792,0.06375838926174497
2-0,17,0.15471698113207547,0.4228187919463087
2-0,18,0.2037735849056604,0.24496644295302014
2-0,19,0.23018867924528302,0.12080536912751678
2-0,20,0.27547169811320754,0.0
2-1,0,0.0,1.0
2-1,1,0.2603305785123967,0.9898305084745763
2-1,2,0.5041322314049587,0.8983050847457628
2-1,3,0.6859504132231405,0.7593220338983051
2-1,4,0.8966942148760331,0.7084745762711865
2-1,5,0.6528925619834711,0.6067796610169491
2-1,6,0.8347107438016529,0.4542372881355932
2-1,7,0.9256198347107438,0.3525423728813559
2-1,8,1.0,0.2440677966101695
2-1,9,0.5165289256198347,0.49491525423728816
2-1,10,0.6735537190082644,0.30847457627118646
2-1,11,0.743801652892562,0.18305084745762712
2-1,12,0.8099173553719008,0.05423728813559322
2-1,13,0.34297520661157027,0.4440677966101695
2-1,14,0.45867768595041325,0.2576271186440678
2-1,15,0.512396694214876,0.13220338983050847
2-1,16,0.5661157024793388,0.013559322033898305
2-1,17,0.13636363636363635,0.43050847457627117
2-1,18,0.19008264462809918,0.2440677966101695
2-1,19,0.2066115702479339,0.12542372881355932
2-1,20,0.23553719008264462,0.0
2-2,0,0.0,1.0
2-2,1,0.24390243902439024,0.9932432432432432
2-2,2,0.483739837398374,0.8952702702702703
2-2,3,0.6707317073170732,0.7804054054054054
2-2,4,0.8739837398373984,0.7432432432432432
2-2,5,0.6463414634146342,0.5945945945945946
2-2,6,0.8252032520325203,0.4594594594594595
2-2,7,0.9146341463414634,0.3716216216216216
2-2,8,1.0,0.27364864864864863
2-2,9,0.508130081300813,0.4864864864864865
2-2,10,0.6504065040650406,0.3108108108108108
2-2,11,0.7195121951219512,0.19256756756756757
2-2,12,0.7845528455284553,0.06756756756756757
2-2,13,0.3333333333333333,0.4358108108108108
2-2,14,0.44308943089430897,0.25675675675675674
2-2,15,0.4959349593495935,0.14189189189189189
2-2,16,0.5528455284552846,0.030405405405405407
2-2,17,0.13008130081300814,0.42905405405405406
2-2,18,0.17886178861788618,0.24662162162162163
2-2,19,0.1951219512195122,0.125
2-2,20,0.21951219512195122,0.0
2-3,0,0.0,0.9965870307167235
2-3,1,0.23694779116465864,1.0
2-3,2,0.4738955823293173,0.9215017064846417
2-3,3,0.6586345381526104,0.8122866894197952
2-3,4,0.8634538152610441,0.757679180887372
2-3,5,0.6385542168674698,0.6040955631399317
2-3,6,0.8192771084337349,0.46757679180887374
2-3,7,0.9116465863453815,0.37542662116040953
2-3,8,1.0,0.2764505119453925
2-3,9,0.5100401606425703,0.49146757679180886
2-3,10,0.6506024096385542,0.3174061433447099
2-3,11,0.7188755020080321,0.1945392491467577
2-3,12,0.7831325301204819,0.06825938566552901
2-3,13,0.3373493975903614,0.4402730375426621
2-3,14,0.44176706827309237,0.2627986348122867
2-3,15,0.4899598393574297,0.14334470989761092
2-3,16,0.5461847389558233,0.030716723549488054
2-3,17,0.13654618473895583,0.42662116040955633
2-3,18,0.17269076305220885,0.24914675767918087
2-3,19,0.18473895582329317,0.12627986348122866
2-3,20,0.21285140562248997,0.0
2-4,0,0.0,0.9966101694915255
2-4,1,0.24701195219123506,1.0
2-4,2,0.4900398406374502,0.9186440677966101
2-4,3,0.6733067729083665,0.8033898305084746
2-4,4,0.8844621513944223,0.7627118644067796
2-4,5,0.6454183266932271,0.6033898305084746
2-4,6,0.8207171314741036,0.4745762711864407
2-4,7,0.9163346613545816,0.37966101694915255
2-4,8,1.0,0.28135593220338984
2-4,9,0.5139442231075697,0.49491525423728816
2-4,10,0.6613545816733067,0.3220338983050847
2-4,11,0.7330677290836654,0.2
2-4,12,0.8007968127490039,0.07796610169491526
2-4,13,0.3466135458167331,0.4406779661016949
2-4,14,0.4541832669322709,0.26440677966101694
2-4,15,0.5059760956175299,0.14915254237288136
2-4,16,0.5617529880478087,0.04067796610169491
2-4,17,0.14342629482071714,0.4271186440677966
2-4,18,0.19123505976095617,0.25084745762711863
2-4,19,0.20717131474103587,0.1288135593220339
2-4,20,0.23904382470119523,0.0
2-5,0,0.0,0.9932432432432432
2-5,1,0.24110671936758893,1.0
2-5,2,0.48616600790513836,0.918918918918919
2-5,3,0.6719367588932806,0.8074324324324325
2-5,4,0.8814229249011858,0.7736486486486487
2-5,5,0.6521739130434783,0.6013513513513513
2-5,6,0.8300395256916996,0.47297297297297297
2-5,7,0.9209486166007905,0.38175675675675674
2-5,8,1.0,0.28716216216216217
2-5,9,0.5217391304347826,0.48986486486486486
2-5,10,0.6679841897233202,0.32094594594594594
2-5,11,0.7391304347826086,0.20270270270270271
2-5,12,0.8102766798418972,0.08445945945945946
2-5,13,0.35177865612648224,0.4358108108108108
2-5,14,0.4624505928853755,0.2635135135135135
2-5,15,0.5177865612648221,0.1554054054054054
2-5,16,0.5810276679841897,0.05067567567567568
2-5,17,0.15019762845849802,0.4222972972972973
2-5,18,0.2015810276679842,0.24662162162162163
2-5,19,0.22134387351778656,0.125
2-5,20,0.25691699604743085,0.0
2-6,0,0.0,0.9965870307167235
2-6,1,0.23921568627450981,1.0
2-6,2,0.47843137254901963,0.9215017064846417
2-6,3,0.6666666666666666,0.8156996587030717
2-6,4,0.8745098039215686,0.7747440273037542
2-6,5,0.6509803921568628,0.6040955631399317
2-6,6,0.8235294117647058,0.4709897610921502
2-6,7,0.9176470588235294,0.3822525597269625
2-6,8,1.0,0.28668941979522183
2-6,9,0.5215686274509804,0.49146757679180886
2-6,10,0.6666666666666666,0.3174061433447099
2-6,11,0.7411764705882353,0.20136518771331058
2-6,12,0.8196078431372549,0.08532423208191127
2-6,13,0.34901960784313724,0.4402730375426621
2-6,14,0.4627450980392157,0.2627986348122867
2-6,15,0.5176470588235295,0.15358361774744028
2-6,16,0.5803921568627451,0.04778156996587031
2-6,17,0.15294117647058825,0.42662116040955633
2-6,18,0.20392156862745098,0.24914675767918087
2-6,19,0.2235294117647059,0.12627986348122866
2-6,20,0.2627450980392157,0.0
2-7,0,0.0,0.9965870307167235
2-7,1,0.23921568627450981,1.0
2-7,2,0.47843137254901963,0.9215017064846417
2-7,3,0.6627450980392157,0.8156996587030717
2-7,4,0.8745098039215686,0.7781569965870307
2-7,5,0.6470588235294118,0.6075085324232082
2-7,6,0.8156862745098039,0.47440273037542663
2-7,7,0.9098039215686274,0.3856655290102389
2-7,8,1.0,0.2935153583617747
2-7,9,0.5176470588235295,0.49829351535836175
2-7,10,0.6666666666666666,0.3242320819112628
2-7,11,0.7372549019607844,0.20819112627986347
2-7,12,0.8156862745098039,0.09215017064846416
2-7,13,0.34901960784313724,0.44368600682593856
2-7,14,0.4549019607843137,0.2696245733788396
2-7,15,0.5098039215686274,0.15699658703071673
2-7,16,0.5764705882352941,0.051194539249146756
2-7,17,0.14901960784313725,0.4300341296928328
2-7,18,0.19607843137254902,0.2525597269624573
2-7,19,0.21568627450980393,0.12627986348122866
2-7,20,0.25098039215686274,0.0
2-8,0,0.0,0.9898648648648649
2-8,1,0.24110671936758893,1.0
2-8,2,0.48221343873517786,0.9256756756756757
2-8,3,0.6679841897233202,0.8175675675675675
2-8,4,0.8814229249011858,0.7837837837837838
2-8,5,0.6521739130434783,0.6114864864864865
2-8,6,0.8221343873517787,0.4797297297297297
2-8,7,0.9130434782608695,0.3918918918918919
2-8,8,1.0,0.2972972972972973
2-8,9,0.5217391304347826,0.5
2-8,10,0.6679841897233202,0.3277027027027027
2-8,11,0.7391304347826086,0.21283783783783783
2-8,12,0.8142292490118577,0.0945945945945946
2-8,13,0.3557312252964427,0.44932432432432434
2-8,14,0.466403162055336,0.27364864864864863
2-8,15,0.5177865612648221,0.15878378378378377
2-8,16,0.5770750988142292,0.0472972972972973
2-8,17,0.1541501976284585,0.43243243243243246
2-8,18,0.2015810276679842,0.2533783783783784
2-8,19,0.21739130434782608,0.12837837837837837
2-8,20,0.2450592885375494,0.0
2-9,0,0.0,0.9866220735785953
2-9,1,0.23809523809523808,1.0
2-9,2,0.4801587301587302,0.9230769230769231
2-9,3,0.6706349206349206,0.8160535117056856
2-9,4,0.8809523809523809,0.7892976588628763
2-9,5,0.6507936507936508,0.6053511705685619
2-9,6,0.8214285714285714,0.4816053511705686
2-9,7,0.9166666666666666,0.3979933110367893
2-9,8,1.0,0.3076923076923077
2-9,9,0.5158730158730159,0.49498327759197325
2-9,10,0.6626984126984127,0.3277591973244147
2-9,11,0.7341269841269841,0.21739130434782608
2-9,12,0.8095238095238095,0.10033444816053512
2-9,13,0.34523809523809523,0.4414715719063545
2-9,14,0.45634920634920634,0.27424749163879597
2-9,15,0.5119047619047619,0.1605351170568562
2-9,16,0.5674603174603174,0.05351170568561873
2-9,17,0.14285714285714285,0.4280936454849498
2-9,18,0.19444444444444445,0.24749163879598662
2-9,19,0.20634920634920634,0.12709030100334448
2-9,20,0.23412698412698413,0.0
2-10,0,0.0,0.9833333333333333
2-10,1,0.23255813953488372,1.0
2-10,2,0.4689922480620155,0.9333333333333333
2-10,3,0.6744186046511628,0.85
2-10,4,0.8837209302325582,0.8266666666666667
2-10,5,0.6317829457364341,0.6133333333333333
2-10,6,0.813953488372093,0.4866666666666667
2-10,7,0.9108527131782945,0.4066666666666667
2-10,8,1.0,0.32
2-10,9,0.5077519379844961,0.49333333333333335
2-10,10,0.6550387596899225,0.33
2-10,11,0.7286821705426356,0.22
2-10,12,0.8062015503875969,0.10666666666666667
2-10,13,0.34108527131782945,0.43333333333333335
2-10,14,0.4573643410852713,0.2633333333333333
2-10,15,0.5116279069767442,0.16333333333333333
2-10,16,0.5736434108527132,0.06333333333333334
2-10,17,0.1434108527131783,0.4166666666666667
2-10,18,0.20155038759689922,0.24
2-10,19,0.2131782945736434,0.12
2-10,20,0.2364341085271318,0.0
2-11,0,0.0,0.9836601307189542
2-11,1,0.22264150943396227,1.0
2-11,2,0.46037735849056605,0.934640522875817
2-11,3,0.660377358490566,0.8562091503267973
2-11,4,0.8679245283018868,0.8398692810457516
2-11,5,0.6264150943396226,0.6078431372549019
2-11,6,0.8150943396226416,0.4869281045751634
2-11,7,0.9132075471698113,0.4117647058823529
2-11,8,1.0,0.3333333333333333
2-11,9,0.5018867924528302,0.4934640522875817
2-11,10,0.6490566037735849,0.33986928104575165
2-11,11,0.720754716981132,0.23202614379084968
2-11,12,0.7924528301886793,0.12745098039215685
2-11,13,0.33962264150943394,0.434640522875817
2-11,14,0.4490566037735849,0.27124183006535946
2-11,15,0.5018867924528302,0.16993464052287582
2-11,16,0.5547169811320755,0.0718954248366013
2-11,17,0.1471698113207547,0.41830065359477125
2-11,18,0.19245283018867926,0.24509803921568626
2-11,19,0.2,0.12418300653594772
2-11,20,0.21509433962264152,0.0
2-12,0,0.0,0.9836065573770492
2-12,1,0.2339622641509434,1.0
2-12,2,0.4716981132075472,0.9278688524590164
2-12,3,0.6679245283018868,0.8459016393442623
2-12,4,0.879245283018868,0.839344262295082
2-12,5,0.630188679245283,0.6065573770491803
2-12,6,0.8150943396226416,0.4852459016393443
2-12,7,0.909433962264151,0.40327868852459015
2-12,8,1.0,0.3180327868852459
2-12,9,0.5094339622641509,0.4918032786885246
2-12,10,0.6528301886792452,0.33114754098360655
2-12,11,0.7245283018867924,0.22295081967213115
2-12,12,0.7962264150943397,0.11475409836065574
2-12,13,0.3433962264150943,0.43278688524590164
2-12,14,0.4490566037735849,0.26557377049180325
2-12,15,0.4981132075471698,0.16721311475409836
2-12,16,0.5509433962264151,0.07213114754098361
2-12,17,0.1471698113207547,0.4163934426229508
2-12,18,0.18867924528301888,0.24262295081967214
2-12,19,0.2,0.12459016393442623
2-12,20,0.2188679245283019,0.0
2-13,0,0.0,0.9866666666666667
2-13,1,0.23412698412698413,1.0
2-13,2,0.4642857142857143,0.93
2-13,3,0.6547619047619048,0.8366666666666667
2-13,4,0.8650793650793651,0.8066666666666666
2-13,5,0.6388888888888888,0.6066666666666667
2-13,6,0.8174603174603174,0.48333333333333334
2-13,7,0.9126984126984127,0.4
2-13,8,1.0,0.31
2-13,9,0.5119047619047619,0.49
2-13,10,0.6587301587301587,0.32666666666666666
2-13,11,0.7261904761904762,0.21333333333333335
2-13,12,0.7936507936507936,0.10333333333333333
2-13,13,0.3373015873015873,0.43
2-13,14,0.4444444444444444,0.2633333333333333
2-13,15,0.5,0.16
2-13,16,0.5515873015873016,0.06666666666666667
2-13,17,0.13095238095238096,0.4166666666666667
2-13,18,0.18253968253968253,0.24
2-13,19,0.19444444444444445,0.12
2-13,20,0.21428571428571427,0.0
2-14,0,0.0,1.0
2-14,1,0.24096385542168675,1.0
2-14,2,0.46987951807228917,0.9220338983050848
2-14,3,0.6546184738955824,0.823728813559322
2-14,4,0.8674698795180723,0.7864406779661017
2-14,5,0.6465863453815262,0.6135593220338983
2-14,6,0.8192771084337349,0.488135593220339
2-14,7,0.9196787148594378,0.39661016949152544
2-14,8,1.0,0.3016949152542373
2-14,9,0.5140562248995983,0.5050847457627119
2-14,10,0.6586345381526104,0.33559322033898303
2-14,11,0.7309236947791165,0.2135593220338983
2-14,12,0.8032128514056225,0.08813559322033898
2-14,13,0.3413654618473896,0.44745762711864406
2-14,14,0.4497991967871486,0.2711864406779661
2-14,15,0.5020080321285141,0.16271186440677965
2-14,16,0.5582329317269076,0.0576271186440678
2-14,17,0.14056224899598393,0.43050847457627117
2-14,18,0.18875502008032127,0.25084745762711863
2-14,19,0.20080321285140562,0.1288135593220339
2-14,20,0.2248995983935743,0.0
2-15,0,0.0,1.0
2-15,1,0.24696356275303644,0.9931506849315068
2-15,2,0.4817813765182186,0.910958904109589
2-15,3,0.6680161943319838,0.8047945205479452
2-15,4,0.8825910931174089,0.7705479452054794
2-15,5,0.6518218623481782,0.6061643835616438
2-15,6,0.8259109311740891,0.4726027397260274
2-15,7,0.9190283400809717,0.3801369863013699
2-15,8,1.0,0.2842465753424658
2-15,9,0.5182186234817814,0.5
2-15,10,0.6680161943319838,0.3253424657534247
2-15,11,0.7408906882591093,0.2054794520547945
2-15,12,0.8137651821862348,0.07876712328767123
2-15,13,0.3481781376518219,0.4452054794520548
2-15,14,0.46153846153846156,0.2636986301369863
2-15,15,0.5141700404858299,0.1506849315068493
2-15,16,0.5748987854251012,0.04452054794520548
2-15,17,0.15384615384615385,0.4315068493150685
2-15,18,0.20242914979757085,0.25
2-15,19,0.22267206477732793,0.1267123287671233
2-15,20,0.2591093117408907,0.0
2-16,0,0.0,0.9965753424657534
2-16,1,0.232,1.0
2-16,2,0.476,0.9143835616438356
2-16,3,0.676,0.8047945205479452
2-16,4,0.888,0.773972602739726
2-16,5,0.644,0.6164383561643836
2-16,6,0.82,0.4863013698630137
2-16,7,0.916,0.3972602739726027
2-16,8,1.0,0.3013698630136986
2-16,9,0.516,0.5034246575342466
2-16,10,0.668,0.3253424657534247
2-16,11,0.744,0.2054794520547945
2-16,12,0.82,0.08904109589041095
2-16,13,0.348,0.4452054794520548
2-16,14,0.464,0.2671232876712329
2-16,15,0.52,0.1541095890410959
2-16,16,0.58,0.05136986301369863
2-16,17,0.152,0.4280821917808219
2-16,18,0.204,0.2465753424657534
2-16,19,0.224,0.1232876712328767
2-16,20,0.264,0.0
2-17,0,0.0,0.9899328859060402
2-17,1,0.2450592885375494,1.0
2-17,2,0.4782608695652174,0.9261744966442953
2-17,3,0.6679841897233202,0.8322147651006712
2-17,4,0.8735177865612648,0.802013422818792
2-17,5,0.6442687747035574,0.610738255033557
2-17,6,0.8181818181818182,0.48322147651006714
2-17,7,0.9130434782608695,0.39932885906040266
2-17,8,1.0,0.31543624161073824
2-17,9,0.5138339920948617,0.49328859060402686
2-17,10,0.6561264822134387,0.3288590604026846
2-17,11,0.7351778656126482,0.21476510067114093
2-17,12,0.8102766798418972,0.10067114093959731
2-17,13,0.3438735177865613,0.436241610738255
2-17,14,0.45454545454545453,0.2684563758389262
2-17,15,0.5098814229249012,0.1610738255033557
2-17,16,0.5731225296442688,0.06040268456375839
2-17,17,0.1422924901185771,0.4228187919463087
2-17,18,0.19367588932806323,0.24496644295302014
2-17,19,0.20948616600790515,0.12416107382550336
2-17,20,0.24110671936758893,0.0
2-18,0,0.0,0.9865319865319865
2-18,1,0.23529411764705882,1.0
2-18,2,0.47058823529411764,0.9326599326599326
2-18,3,0.6705882352941176,0.8518518518518519
2-18,4,0.8745098039215686,0.8282828282828283
2-18,5,0.6313725490196078,0.6195286195286195
2-18,6,0.807843137254902,0.4882154882154882
2-18,7,0.9058823529411765,0.4074074074074074
2-18,8,1.0,0.32323232323232326
2-18,9,0.5058823529411764,0.5050505050505051
2-18,10,0.6470588235294118,0.3400673400673401
2-18,11,0.7254901960784313,0.2255892255892256
2-18,12,0.807843137254902,0.1111111111111111
2-18,13,0.33725490196078434,0.4444444444444444
2-18,14,0.4470588235294118,0.2760942760942761
2-18,15,0.5098039215686274,0.16835016835016836
2-18,16,0.5725490196078431,0.06397306397306397
2-18,17,0.1411764705882353,0.4276094276094276
2-18,18,0.18823529411764706,0.24915824915824916
2-18,19,0.20392156862745098,0.12457912457912458
2-18,20,0.23137254901960785,0.0
2-19,0,0.0,0.979933110367893
2-19,1,0.23015873015873015,1.0
2-19,2,0.4642857142857143,0.9331103678929766
2-19,3,0.6547619047619048,0.842809364548495
2-19,4,0.8690476190476191,0.8160535117056856
2-19,5,0.6349206349206349,0.6120401337792643
2-19,6,0.8095238095238095,0.4882943143812709
2-19,7,0.9087301587301587,0.4080267558528428
2-19,8,1.0,0.3210702341137124
2-19,9,0.5119047619047619,0.4983277591973244
2-19,10,0.6587301587301587,0.33444816053511706
2-19,11,0.7341269841269841,0.22408026755852842
2-19,12,0.8095238095238095,0.11036789297658862
2-19,13,0.3412698412698413,0.43812709030100333
2-19,14,0.45634920634920634,0.27424749163879597
2-19,15,0.5079365079365079,0.16722408026755853
2-19,16,0.5634920634920635,0.06354515050167224
2-19,17,0.14285714285714285,0.4214046822742475
2-19,18,0.1865079365079365,0.24749163879598662
2-19,19,0.1984126984126984,0.12709030100334448
2-19,20,0.2222222222222222,0.0
2-20,0,0.0,0.9898648648648649
2-20,1,0.236,1.0
2-20,2,0.472,0.9324324324324325
2-20,3,0.656,0.831081081081081
2-20,4,0.872,0.8006756756756757
2-20,5,0.636,0.6081081081081081
2-20,6,0.816,0.4831081081081081
2-20,7,0.912,0.39864864864864863
2-20,8,1.0,0.3108108108108108
2-20,9,0.508,0.4966216216216216
2-20,10,0.656,0.3277027027027027
2-20,11,0.728,0.21283783783783783
2-20,12,0.8,0.0945945945945946
2-20,13,0.34,0.44256756756756754
2-20,14,0.448,0.2702702702702703
2-20,15,0.504,0.16216216216216217
2-20,16,0.556,0.060810810810810814
2-20,17,0.136,0.42567567567567566
2-20,18,0.184,0.24662162162162163
2-20,19,0.196,0.125
2-20,20,0.224,0.0
2-21,0,0.0,0.9898305084745763
2-21,1,0.236,1.0
2-21,2,0.484,0.9220338983050848
2-21,3,0.668,0.823728813559322
2-21,4,0.876,0.7898305084745763
2-21,5,0.644,0.6033898305084746
2-21,6,0.824,0.47796610169491527
2-21,7,0.92,0.39322033898305087
2-21,8,1.0,0.3050847457627119
2-21,9,0.512,0.49491525423728816
2-21,10,0.66,0.3220338983050847
2-21,11,0.736,0.21016949152542372
2-21,12,0.812,0.09152542372881356
2-21,13,0.344,0.4406779661016949
2-21,14,0.456,0.26440677966101694
2-21,15,0.512,0.15932203389830507
2-21,16,0.572,0.05423728813559322
2-21,17,0.144,0.423728813559322
2-21,18,0.196,0.24745762711864408
2-21,19,0.216,0.12542372881355932
2-21,20,0.248,0.0
2-22,0,0.0,0.9863481228668942
2-22,1,0.24110671936758893,1.0
2-22,2,0.48616600790513836,0.9249146757679181
2-22,3,0.6758893280632411,0.825938566552901
2-22,4,0.8932806324110671,0.7952218430034129
2-22,5,0.6403162055335968,0.6143344709897611
2-22,6,0.8221343873517787,0.4880546075085324
2-22,7,0.9169960474308301,0.3993174061433447
2-22,8,1.0,0.30716723549488056
2-22,9,0.5138339920948617,0.5017064846416383
2-22,10,0.6640316205533597,0.32764505119453924
2-22,11,0.7509881422924901,0.21160409556313994
2-22,12,0.8379446640316206,0.09897610921501707
2-22,13,0.34782608695652173,0.4402730375426621
2-22,14,0.466403162055336,0.26621160409556316
2-22,15,0.5296442687747036,0.16040955631399317
2-22,16,0.6007905138339921,0.06484641638225255
2-22,17,0.1541501976284585,0.4197952218430034
2-22,18,0.20948616600790515,0.24232081911262798
2-22,19,0.233201581027668,0.12286689419795221
2-22,20,0.2766798418972332,0.0
2-23,0,0.0,0.9693877551020408
2-23,1,0.23880597014925373,1.0
2-23,2,0.47388059701492535,0.9285714285714286
2-23,3,0.6716417910447762,0.8333333333333334
2-23,4,0.8731343283582089,0.8129251700680272
2-23,5,0.5895522388059702,0.6326530612244898
2-23,6,0.7761194029850746,0.5034013605442177
2-23,7,0.8955223880597015,0.41836734693877553
2-23,8,1.0,0.3401360544217687
2-23,9,0.48507462686567165,0.5136054421768708
2-23,10,0.6455223880597015,0.3435374149659864
2-23,11,0.7425373134328358,0.23469387755102042
2-23,12,0.8432835820895522,0.1292517006802721
2-23,13,0.33955223880597013,0.4489795918367347
2-23,14,0.4664179104477612,0.2755102040816326
2-23,15,0.5447761194029851,0.17006802721088435
2-23,16,0.6268656716417911,0.07482993197278912
2-23,17,0.16417910447761194,0.4217687074829932
2-23,18,0.22014925373134328,0.24489795918367346
2-23,19,0.25,0.12585034013605442
2-23,20,0.2947761194029851,0.0
2-24,0,0.0,0.9790209790209791
2-24,1,0.23161764705882354,1.0
2-24,2,0.4632352941176471,0.9335664335664335
2-24,3,0.6617647058823529,0.8531468531468531
2-24,4,0.8639705882352942,0.8391608391608392
2-24,5,0.5919117647058824,0.6328671328671329
2-24,6,0.7720588235294118,0.5
2-24,7,0.8897058823529411,0.4195804195804196
2-24,8,1.0,0.34965034965034963
2-24,9,0.4852941176470588,0.5174825174825175
2-24,10,0.6470588235294118,0.34965034965034963
2-24,11,0.7573529411764706,0.23776223776223776
2-24,12,0.8713235294117647,0.13986013986013987
2-24,13,0.34558823529411764,0.45104895104895104
2-24,14,0.4742647058823529,0.27972027972027974
2-24,15,0.5661764705882353,0.17482517482517482
2-24,16,0.6691176470588235,0.0944055944055944
2-24,17,0.16911764705882354,0.4160839160839161
2-24,18,0.23529411764705882,0.24125874125874125
2-24,19,0.28308823529411764,0.11888111888111888
2-24,20,0.34558823529411764,0.0
2-25,0,0.0,0.9716312056737588
2-25,1,0.23076923076923078,1.0
2-25,2,0.4652014652014652,0.9326241134751773
2-25,3,0.6703296703296703,0.8546099290780141
2-25,4,0.8681318681318682,0.8297872340425532
2-25,5,0.5824175824175825,0.6312056737588653
2-25,6,0.7728937728937729,0.5035460992907801
2-25,7,0.8937728937728938,0.425531914893617
2-25,8,1.0,0.3546099290780142
2-25,9,0.47985347985347987,0.5177304964539007
2-25,10,0.6483516483516484,0.35106382978723405
2-25,11,0.7692307692307693,0.24113475177304963
2-25,12,0.8864468864468864,0.1453900709219858
2-25,13,0.34065934065934067,0.450354609929078
2-25,14,0.4725274725274725,0.2765957446808511
2-25,15,0.575091575091575,0.17375886524822695
2-25,16,0.6813186813186813,0.0851063829787234
2-25,17,0.1684981684981685,0.41843971631205673
2-25,18,0.24175824175824176,0.24468085106382978
2-25,19,0.29304029304029305,0.12056737588652482
2-25,20,0.3626373626373626,0.0
2-26,0,0.0,0.9711191335740073
2-26,1,0.23722627737226276,1.0
2-26,2,0.46715328467153283,0.9386281588447654
2-26,3,0.6678832116788321,0.8592057761732852
2-26,4,0.8613138686131386,0.8122743682310469
2-26,5,0.5656934306569343,0.6462093862815884
2-26,6,0.7518248175182481,0.51985559566787
2-26,7,0.8795620437956204,0.4404332129963899
2-26,8,1.0,0.36462093862815886
2-26,9,0.4708029197080292,0.5306859205776173
2-26,10,0.6423357664233577,0.3574007220216607
2-26,11,0.7700729927007299,0.24548736462093862
2-26,12,0.8941605839416058,0.1444043321299639
2-26,13,0.33941605839416056,0.4584837545126354
2-26,14,0.4744525547445255,0.2779783393501805
2-26,15,0.583941605839416,0.17328519855595667
2-26,16,0.6970802919708029,0.08664259927797834
2-26,17,0.17518248175182483,0.4187725631768953
2-26,18,0.2518248175182482,0.23826714801444043
2-26,19,0.3102189781021898,0.11552346570397112
2-26,20,0.38686131386861317,0.0
2-27,0,0.0,0.9746376811594203
2-27,1,0.23636363636363636,1.0
2-27,2,0.4763636363636364,0.9311594202898551
2-27,3,0.6836363636363636,0.8442028985507246
2-27,4,0.88,0.7934782608695652
2-27,5,0.5672727272727273,0.6413043478260869
2-27,6,0.76,0.5181159420289855
2-27,7,0.88,0.4384057971014493
2-27,8,1.0,0.36594202898550726
2-27,9,0.4763636363636364,0.5289855072463768
2-27,10,0.6436363636363637,0.36594202898550726
2-27,11,0.7672727272727272,0.2536231884057971
2-27,12,0.8945454545454545,0.15579710144927536
2-27,13,0.3490909090909091,0.45652173913043476
2-27,14,0.48363636363636364,0.2826086956521739
2-27,15,0.5890909090909091,0.17391304347826086
2-27,16,0.7054545454545454,0.09057971014492754
2-27,17,0.18545454545454546,0.42028985507246375
2-27,18,0.2581818181818182,0.23550724637681159
2-27,19,0.32,0.11594202898550725
2-27,20,0.4,0.0
2-28,0,0.0,0.9889705882352942
2-28,1,0.2462686567164179,1.0
2-28,2,0.48134328358208955,0.9191176470588235
2-28,3,0.6902985074626866,0.8161764705882353
2-28,4,0.9029850746268657,0.7757352941176471
2-28,5,0.5932835820895522,0.6397058823529411
2-28,6,0.7798507462686567,0.5220588235294118
2-28,7,0.8917910447761194,0.4411764705882353
2-28,8,1.0,0.3602941176470588
2-28,9,0.4962686567164179,0.5257352941176471
2-28,10,0.664179104477612,0.3602941176470588
2-28,11,0.7835820895522388,0.2426470588235294
2-28,12,0.9104477611940298,0.13602941176470587
2-28,13,0.3619402985074627,0.45588235294117646
2-28,14,0.5074626865671642,0.28308823529411764
2-28,15,0.6119402985074627,0.17279411764705882
2-28,16,0.7201492537313433,0.07720588235294118
2-28,17,0.19029850746268656,0.41911764705882354
2-28,18,0.26865671641791045,0.23529411764705882
2-28,19,0.3283582089552239,0.11397058823529412
2-28,20,0.40671641791044777,0.0
2-29,0,0.0,0.9924242424242424
2-29,1,0.24714828897338403,1.0
2-29,2,0.4866920152091255,0.9128787878787878
2-29,3,0.6920152091254753,0.7878787878787878
2-29,4,0.9011406844106464,0.7386363636363636
2-29,5,0.6007604562737643,0.6401515151515151
2-29,6,0.7832699619771863,0.5075757575757576
2-29,7,0.8935361216730038,0.42424242424242425
2-29,8,1.0,0.3371212121212121
2-29,9,0.5019011406844106,0.5227272727272727
2-29,10,0.6615969581749049,0.35984848484848486
2-29,11,0.7718631178707225,0.24621212121212122
2-29,12,0.8821292775665399,0.15151515151515152
2-29,13,0.3650190114068441,0.45075757575757575
2-29,14,0.49429657794676807,0.2765151515151515
2-29,15,0.5931558935361216,0.17803030303030304
2-29,16,0.6996197718631179,0.09848484848484848
2-29,17,0.19771863117870722,0.4128787878787879
2-29,18,0.27756653992395436,0.22727272727272727
2-29,19,0.33840304182509506,0.10984848484848485
2-29,20,0.4220532319391635,0.0
2-30,0,0.0,0.9878542510121457
2-30,1,0.24031007751937986,1.0
2-30,2,0.49224806201550386,0.8987854251012146
2-30,3,0.6821705426356589,0.7530364372469636
2-30,4,0.875968992248062,0.6639676113360324
2-30,5,0.6046511627906976,0.6356275303643725
2-30,6,0.7829457364341085,0.4979757085020243
2-30,7,0.8992248062015504,0.39271255060728744
2-30,8,1.0,0.30364372469635625
2-30,9,0.5077519379844961,0.5222672064777328
2-30,10,0.6705426356589147,0.3441295546558704
2-30,11,0.751937984496124,0.2874493927125506
2-30,12,0.7945736434108527,0.29554655870445345
2-30,13,0.38372093023255816,0.43724696356275305
2-30,14,0.5271317829457365,0.2591093117408907
2-30,15,0.6201550387596899,0.21052631578947367
2-30,16,0.6666666666666666,0.2388663967611336
2-30,17,0.22868217054263565,0.38866396761133604
2-30,18,0.32945736434108525,0.2145748987854251
2-30,19,0.4108527131782946,0.08502024291497975
2-30,20,0.47674418604651164,0.0
2-31,0,0.0,1.0
2-31,1,0.26956521739130435,0.994413407821229
2-31,2,0.5304347826086957,0.7877094972067039
2-31,3,0.7434782608695653,0.5586592178770949
2-31,4,0.9173913043478261,0.37988826815642457
2-31,5,0.6043478260869565,0.553072625698324
2-31,6,0.7956521739130434,0.4301675977653631
2-31,7,0.9043478260869565,0.35195530726256985
2-31,8,1.0,0.27932960893854747
2-31,9,0.5260869565217391,0.41899441340782123
2-31,10,0.7043478260869566,0.2569832402234637
2-31,11,0.8347826086956521,0.2122905027932961
2-31,12,0.9347826086956522,0.21787709497206703
2-31,13,0.4,0.3128491620111732
2-31,14,0.5608695652173913,0.10614525139664804
2-31,15,0.6391304347826087,0.12290502793296089
2-31,16,0.6608695652173913,0.2346368715083799
2-31,17,0.24782608695652175,0.22346368715083798
2-31,18,0.3826086956521739,0.0223463687150838
2-31,19,0.4782608695652174,0.0
2-31,20,0.5391304347826087,0.061452513966480445
2-32,0,0.0,1.0
2-32,1,0.2961165048543689,0.9787234042553191
2-32,2,0.5728155339805825,0.6737588652482269
2-32,3,0.7718446601941747,0.3829787234042553
2-32,4,0.9563106796116505,0.19858156028368795
2-32,5,0.5776699029126213,0.36879432624113473
2-32,6,0.7378640776699029,0.2198581560283688
2-32,7,0.8689320388349514,0.14893617021276595
2-32,8,1.0,0.09219858156028368
2-32,9,0.46116504854368934,0.23404255319148937
2-32,10,0.6456310679611651,0.0
2-32,11,0.7038834951456311,0.15602836879432624
2-32,12,0.7281553398058253,0.3475177304964539
2-32,13,0.3106796116504854,0.1276595744680851
2-32,14,0.49029126213592233,0.07801418439716312
2-32,15,0.45145631067961167,0.4397163120567376
2-32,16,0.3883495145631068,0.7375886524822695
2-32,17,0.13106796116504854,0.06382978723404255
2-32,18,0.3155339805825243,0.0070921985815602835
2-32,19,0.3155339805825243,0.28368794326241137
2-32,20,0.2669902912621359,0.524822695035461
2-33,0,0.0,1.0
2-33,1,0.2898550724637681,0.9927536231884058
2-33,2,0.5893719806763285,0.6884057971014492
2-33,3,0.7584541062801933,0.38405797101449274
2-33,4,0.9323671497584541,0.1956521739130435
2-33,5,0.5845410628019324,0.37681159420289856
2-33,6,0.7536231884057971,0.26811594202898553
2-33,7,0.8792270531400966,0.21739130434782608
2-33,8,1.0,0.1956521739130435
2-33,9,0.4492753623188406,0.21014492753623187
2-33,10,0.6328502415458938,0.06521739130434782
2-33,11,0.5555555555555556,0.36231884057971014
2-33,12,0.4782608695652174,0.6521739130434783
2-33,13,0.2946859903381642,0.08695652173913043
2-33,14,0.45410628019323673,0.12318840579710146
2-33,15,0.3333333333333333,0.5
2-33,16,0.24154589371980675,0.7681159420289855
2-33,17,0.11594202898550725,0.0
2-33,18,0.28019323671497587,0.07246376811594203
2-33,19,0.21739130434782608,0.391304347826087
2-33,20,0.1497584541062802,0.6086956521739131
2-34,0,0.0,0.9703703703703703
2-34,1,0.2798165137614679,1.0
2-34,2,0.5825688073394495,0.6888888888888889
2-34,3,0.7981651376146789,0.4
2-34,4,1.0,0.22962962962962963
2-34,5,0.5596330275229358,0.35555555555555557
2-34,6,0.6972477064220184,0.06666666666666667
2-34,7,0.7247706422018348,0.1111111111111111
2-34,8,0.7110091743119266,0.2962962962962963
2-34,9,0.41743119266055045,0.21481481481481482
2-34,10,0.555045871559633,0.08148148148148149
2-34,11,0.43119266055045874,0.4074074074074074
2-34,12,0.3211009174311927,0.7037037037037037
2-34,13,0.25229357798165136,0.1037037037037037
2-34,14,0.3761467889908257,0.06666666666666667
2-34,15,0.24311926605504589,0.4444444444444444
2-34,16,0.15137614678899083,0.7185185185185186
2-34,17,0.06880733944954129,0.014814814814814815
2-34,18,0.19724770642201836,0.0
2-34,19,0.12844036697247707,0.31851851851851853
2-34,20,0.07339449541284404,0.5407407407407407
2-35,0,0.0,0.972027972027972
2-35,1,0.2621359223300971,1.0
2-35,2,0.587378640776699,0.6783216783216783
2-35,3,0.8009708737864077,0.35664335664335667
2-35,4,1.0,0.15384615384615385
2-35,5,0.6019417475728155,0.34265734265734266
2-35,6,0.7572815533980582,0.027972027972027972
2-35,7,0.7524271844660194,0.11888111888111888
2-35,8,0.6941747572815534,0.34265734265734266
2-35,9,0.441747572815534,0.2097902097902098
2-35,10,0.5825242718446602,0.11188811188811189
2-35,11,0.42718446601941745,0.44755244755244755
2-35,12,0.3058252427184466,0.7342657342657343
2-35,13,0.2669902912621359,0.11888111888111888
2-35,14,0.3737864077669903,0.06993006993006994
2-35,15,0.23300970873786409,0.4405594405594406
2-35,16,0.1407766990291262,0.7062937062937062
2-35,17,0.06796116504854369,0.03496503496503497
2-35,18,0.18446601941747573,0.0
2-35,19,0.11165048543689321,0.3146853146853147
2-35,20,0.06310679611650485,0.5244755244755245
2-36,0,0.0,1.0
2-36,1,0.28,1.0
2-36,2,0.605,0.673469387755102
2-36,3,0.805,0.3401360544217687
2-36,4,1.0,0.11564625850340136
2-36,5,0.615,0.3469387755102041
2-36,6,0.775,0.0
2-36,7,0.77,0.06802721088435375
2-36,8,0.715,0.2857142857142857
2-36,9,0.44,0.23129251700680273
2-36,10,0.58,0.09523809523809523
2-36,11,0.425,0.4421768707482993
2-36,12,0.31,0.7278911564625851
2-36,13,0.25,0.1564625850340136
2-36,14,0.36,0.06802721088435375
2-36,15,0.225,0.4421768707482993
2-36,16,0.14,0.7074829931972789
2-36,17,0.04,0.10884353741496598
2-36,18,0.165,0.013605442176870748
2-36,19,0.1,0.32653061224489793
2-36,20,0.055,0.5374149659863946
2-37,0,0.0,1.0
2-37,1,0.27941176470588236,0.9937106918238994
2-37,2,0.5980392156862745,0.7358490566037735
2-37,3,0.803921568627451,0.44025157232704404
2-37,4,1.0,0.24528301886792453
2-37,5,0.6176470588235294,0.3710691823899371
2-37,6,0.7549019607843137,0.08176100628930817
2-37,7,0.8088235294117647,0.03773584905660377
2-37,8,0.7843137254901961,0.16981132075471697
2-37,9,0.45098039215686275,0.2641509433962264
2-37,10,0.6274509803921569,0.025157232704402517
2-37,11,0.49019607843137253,0.31446540880503143
2-37,12,0.36764705882352944,0.5660377358490566
2-37,13,0.2647058823529412,0.20754716981132076
2-37,14,0.4068627450980392,0.0
2-37,15,0.28431372549019607,0.34591194968553457
2-37,16,0.19607843137254902,0.5911949685534591
2-37,17,0.04411764705882353,0.1761006289308176
2-37,18,0.17647058823529413,0.06918238993710692
2-37,19,0.1323529411764706,0.34591194968553457
2-37,20,0.08823529411764706,0.5345911949685535
2-38,0,0.0,0.9896373056994818
2-38,1,0.2850678733031674,1.0
2-38,2,0.583710407239819,0.8134715025906736
2-38,3,0.8009049773755657,0.616580310880829
2-38,4,1.0,0.5181347150259067
2-38,5,0.5882352941176471,0.45077720207253885
2-38,6,0.7285067873303167,0.27461139896373055
2-38,7,0.8144796380090498,0.15025906735751296
2-38,8,0.8868778280542986,0.046632124352331605
2-38,9,0.4434389140271493,0.34196891191709844
2-38,10,0.583710407239819,0.08290155440414508
2-38,11,0.6199095022624435,0.05699481865284974
2-38,12,0.6153846153846154,0.10362694300518134
2-38,13,0.26244343891402716,0.3005181347150259
2-38,14,0.3936651583710407,0.0
2-38,15,0.42081447963800905,0.09844559585492228
2-38,16,0.40271493212669685,0.2538860103626943
2-38,17,0.05429864253393665,0.30569948186528495
2-38,18,0.15384615384615385,0.13989637305699482
2-38,19,0.18099547511312217,0.27461139896373055
2-38,20,0.167420814479638,0.45595854922279794
2-39,0,0.0,0.9872340425531915
2-39,1,0.28378378378378377,1.0
2-39,2,0.5675675675675675,0.8851063829787233
2-39,3,0.7837837837837838,0.7404255319148936
2-39,4,1.0,0.6680851063829787
2-39,5,0.5990990990990991,0.5404255319148936
2-39,6,0.7747747747747747,0.3872340425531915
2-39,7,0.8738738738738738,0.28085106382978725
2-39,8,0.972972972972973,0.1702127659574468
2-39,9,0.45495495495495497,0.4425531914893617
2-39,10,0.5945945945945946,0.251063829787234
2-39,11,0.6846846846846847,0.1276595744680851
2-39,12,0.7837837837837838,0.0
2-39,13,0.2702702702702703,0.4
2-39,14,0.36486486486486486,0.2170212765957447
2-39,15,0.43243243243243246,0.12340425531914893
2-39,16,0.509009009009009,0.03404255319148936
2-39,17,0.05855855855855856,0.4
2-39,18,0.10810810810810811,0.2765957446808511
2-39,19,0.14864864864864866,0.30638297872340425
2-39,20,0.1981981981981982,0.3404255319148936
2-40,0,0.0,0.9888475836431226
2-40,1,0.27312775330396477,1.0
2-40,2,0.5418502202643172,0.8996282527881041
2-40,3,0.7709251101321586,0.79182156133829
2-40,4,1.0,0.7509293680297398
2-40,5,0.5770925110132159,0.5985130111524164
2-40,6,0.7709251101321586,0.45353159851301117
2-40,7,0.8854625550660793,0.34572490706319703
2-40,8,0.9911894273127754,0.2379182156133829
2-40,9,0.43171806167400884,0.49814126394052044
2-40,10,0.5859030837004405,0.2825278810408922
2-40,11,0.6828193832599119,0.137546468401487
2-40,12,0.7797356828193832,0.0
2-40,13,0.2422907488986784,0.4721189591078067
2-40,14,0.3303964757709251,0.26765799256505574
2-40,15,0.3876651982378855,0.137546468401487
2-40,16,0.46255506607929514,0.011152416356877323
2-40,17,0.022026431718061675,0.4944237918215613
2-40,18,0.039647577092511016,0.3903345724907063
2-40,19,0.07488986784140969,0.3903345724907063
2-40,20,0.12334801762114538,0.38661710037174724
2-41,0,0.0,0.9895470383275261
2-41,1,0.2606837606837607,1.0
2-41,2,0.5213675213675214,0.9059233449477352
2-41,3,0.7478632478632479,0.8013937282229965
2-41,4,0.9700854700854701,0.7491289198606271
2-41,5,0.5641025641025641,0.6062717770034843
2-41,6,0.7649572649572649,0.45993031358885017
2-41,7,0.8888888888888888,0.3554006968641115
2-41,8,1.0,0.24738675958188153
2-41,9,0.41025641025641024,0.5121951219512195
2-41,10,0.5555555555555556,0.2857142857142857
2-41,11,0.6410256410256411,0.13937282229965156
2-41,12,0.7307692307692307,0.0
2-41,13,0.2222222222222222,0.4912891986062718
2-41,14,0.28205128205128205,0.2926829268292683
2-41,15,0.32051282051282054,0.17421602787456447
2-41,16,0.3717948717948718,0.05574912891986063
2-41,17,0.021367521367521368,0.5261324041811847
2-41,18,0.017094017094017096,0.43902439024390244
2-41,19,0.02564102564102564,0.4738675958188153
2-41,20,0.042735042735042736,0.5052264808362369
2-42,0,0.012711864406779662,0.9931740614334471
2-42,1,0.2711864406779661,1.0
2-42,2,0.5296610169491526,0.9078498293515358
2-42,3,0.7542372881355932,0.8122866894197952
2-42,4,0.9745762711864406,0.7713310580204779
2-42,5,0.5720338983050848,0.6040955631399317
2-42,6,0.7754237288135594,0.45051194539249145
2-42,7,0.8898305084745762,0.3515358361774744
2-42,8,1.0,0.24232081911262798
2-42,9,0.4152542372881356,0.5187713310580204
2-42,10,0.5466101694915254,0.2901023890784983
2-42,11,0.6186440677966102,0.14675767918088736
2-42,12,0.6949152542372882,0.0
2-42,13,0.2288135593220339,0.5085324232081911
2-42,14,0.2796610169491525,0.3242320819112628
2-42,15,0.2966101694915254,0.22184300341296928
2-42,16,0.3305084745762712,0.11262798634812286
2-42,17,0.029661016949152543,0.5426621160409556
2-42,18,0.03389830508474576,0.45051194539249145
2-42,19,0.00847457627118644,0.5290102389078498
2-42,20,0.0,0.6075085324232082
2-43,0,0.049586776859504134,0.9864406779661017
2-43,1,0.30165289256198347,1.0
2-43,2,0.5578512396694215,0.911864406779661
2-43,3,0.78099173553719,0.823728813559322
2-43,4,0.9958677685950413,0.7898305084745763
2-43,5,0.5950413223140496,0.6067796610169491
2-43,6,0.7892561983471075,0.4576271186440678
2-43,7,0.8966942148760331,0.3559322033898305
2-43,8,1.0,0.2440677966101695
2-43,9,0.44214876033057854,0.5186440677966102
2-43,10,0.5578512396694215,0.29491525423728815
2-43,11,0.6198347107438017,0.14915254237288136
2-43,12,0.6859504132231405,0.0
2-43,13,0.2644628099173554,0.5016949152542373
2-43,14,0.2975206611570248,0.33220338983050846
2-43,15,0.30165289256198347,0.2440677966101695
2-43,16,0.32644628099173556,0.14576271186440679
2-43,17,0.0743801652892562,0.535593220338983
2-43,18,0.06198347107438017,0.4440677966101695
2-43,19,0.01652892561983471,0.5389830508474577
2-43,20,0.0,0.6372881355932203
2-44,0,0.06477732793522267,0.986013986013986
2-44,1,0.3117408906882591,1.0
2-44,2,0.562753036437247,0.9125874125874126
2-44,3,0.7894736842105263,0.8251748251748252
2-44,4,1.0,0.7972027972027972
2-44,5,0.611336032388664,0.6013986013986014
2-44,6,0.7935222672064778,0.44405594405594406
2-44,7,0.8866396761133604,0.34265734265734266
2-44,8,0.979757085020243,0.23076923076923078
2-44,9,0.46558704453441296,0.5104895104895105
2-44,10,0.5587044534412956,0.2937062937062937
2-44,11,0.6032388663967612,0.15034965034965034
2-44,12,0.659919028340081,0.0
2-44,13,0.2874493927125506,0.493006993006993
2-44,14,0.30364372469635625,0.3321678321678322
2-44,15,0.291497975708502,0.24825174825174826
2-44,16,0.3076923076923077,0.15384615384615385
2-44,17,0.10931174089068826,0.5244755244755245
2-44,18,0.07692307692307693,0.4405594405594406
2-44,19,0.020242914979757085,0.5454545454545454
2-44,20,0.0,0.6468531468531469
2-45,0,0.08366533864541832,0.9927797833935018
2-45,1,0.32669322709163345,1.0
2-45,2,0.5737051792828686,0.9097472924187726
2-45,3,0.7928286852589641,0.8158844765342961
2-45,4,1.0,0.8014440433212996
2-45,5,0.601593625498008,0.592057761732852
2-45,6,0.7729083665338645,0.4368231046931408
2-45,7,0.8645418326693227,0.33212996389891697
2-45,8,0.952191235059761,0.22021660649819494
2-45,9,0.4581673306772908,0.5018050541516246
2-45,10,0.5418326693227091,0.2888086642599278
2-45,11,0.5896414342629482,0.1444043321299639
2-45,12,0.6334661354581673,0.0
2-45,13,0.2908366533864542,0.48014440433212996
2-45,14,0.2948207171314741,0.3285198555956679
2-45,15,0.2788844621513944,0.259927797833935
2-45,16,0.2788844621513944,0.18772563176895307
2-45,17,0.12350597609561753,0.5090252707581228
2-45,18,0.07569721115537849,0.44765342960288806
2-45,19,0.02390438247011952,0.5451263537906137
2-45,20,0.0,0.6462093862815884
2-46,0,0.1225296442687747,0.9926739926739927
2-46,1,0.3557312252964427,1.0
2-46,2,0.5968379446640316,0.9047619047619048
2-46,3,0.8023715415019763,0.8131868131868132
2-46,4,1.0,0.7948717948717948
2-46,5,0.6284584980237155,0.5677655677655677
2-46,6,0.782608695652174,0.4175824175824176
2-46,7,0.8656126482213439,0.315018315018315
2-46,8,0.9407114624505929,0.2087912087912088
2-46,9,0.48221343873517786,0.47619047619047616
2-46,10,0.5533596837944664,0.2673992673992674
2-46,11,0.5889328063241107,0.1282051282051282
2-46,12,0.6205533596837944,0.0
2-46,13,0.31225296442687744,0.45787545787545786
2-46,14,0.30434782608695654,0.304029304029304
2-46,15,0.2766798418972332,0.24175824175824176
2-46,16,0.2608695652173913,0.18681318681318682
2-46,17,0.1383399209486166,0.4945054945054945
2-46,18,0.07509881422924901,0.4468864468864469
2-46,19,0.023715415019762844,0.5567765567765568
2-46,20,0.0,0.6666666666666666
2-47,0,0.15384615384615385,0.9850746268656716
2-47,1,0.38076923076923075,1.0
2-47,2,0.6115384615384616,0.9067164179104478
2-47,3,0.8076923076923077,0.8134328358208955
2-47,4,1.0,0.7910447761194029
2-47,5,0.65,0.5559701492537313
2-47,6,0.7923076923076923,0.40298507462686567
2-47,7,0.8615384615384616,0.30223880597014924
2-47,8,0.9307692307692308,0.19776119402985073
2-47,9,0.5038461538461538,0.458955223880597
2-47,10,0.5615384615384615,0.26119402985074625
2-47,11,0.5846153846153846,0.12313432835820895
2-47,12,0.6,0.0
2-47,13,0.3384615384615385,0.43656716417910446
2-47,14,0.3269230769230769,0.29850746268656714
2-47,15,0.28846153846153844,0.23880597014925373
2-47,16,0.25,0.19402985074626866
2-47,17,0.17307692307692307,0.4664179104477612
2-47,18,0.1,0.44402985074626866
2-47,19,0.038461538461538464,0.5522388059701493
2-47,20,0.0,0.6604477611940298
2-48,0,0.17803030303030304,0.9737827715355806
2-48,1,0.3977272727272727,1.0
2-48,2,0.6174242424242424,0.898876404494382
2-48,3,0.8106060606060606,0.8014981273408239
2-48,4,1.0,0.7902621722846442
2-48,5,0.6553030303030303,0.5430711610486891
2-48,6,0.7916666666666666,0.39325842696629215
2-48,7,0.8636363636363636,0.2958801498127341
2-48,8,0.9242424242424242,0.1947565543071161
2-48,9,0.5113636363636364,0.449438202247191
2-48,10,0.5757575757575758,0.24719101123595505
2-48,11,0.5946969696969697,0.10861423220973783
2-48,12,0.5909090909090909,0.0
2-48,13,0.3446969696969697,0.4344569288389513
2-48,14,0.32954545454545453,0.27340823970037453
2-48,15,0.2916666666666667,0.20973782771535582
2-48,16,0.24621212121212122,0.1760299625468165
2-48,17,0.17803030303030304,0.47191011235955055
2-48,18,0.10984848484848485,0.4344569288389513
2-48,19,0.045454545454545456,0.5430711610486891
2-48,20,0.0,0.6554307116104869
2-49,0,0.15648854961832062,0.981549815498155
2-49,1,0.3893129770992366,1.0
2-49,2,0.6145038167938931,0.9003690036900369
2-49,3,0.8091603053435115,0.8007380073800738
2-49,4,1.0,0.7896678966789668
2-49,5,0.6412213740458015,0.5571955719557196
2-49,6,0.7824427480916031,0.4095940959409594
2-49,7,0.8549618320610687,0.30996309963099633
2-49,8,0.916030534351145,0.2029520295202952
2-49,9,0.4961832061068702,0.46494464944649444
2-49,10,0.5610687022900763,0.25830258302583026
2-49,11,0.5877862595419847,0.12177121771217712
2-49,12,0.5954198473282443,0.0
2-49,13,0.33587786259541985,0.45018450184501846
2-49,14,0.3320610687022901,0.2988929889298893
2-49,15,0.3015267175572519,0.23247232472324722
2-49,16,0.26717557251908397,0.18450184501845018
2-49,17,0.16793893129770993,0.4907749077490775
2-49,18,0.11450381679389313,0.4317343173431734
2-49,19,0.04961832061068702,0.5202952029520295
2-49,20,0.0,0.6199261992619927
2-50,0,0.11627906976744186,0.9889705882352942
2-50,1,0.35658914728682173,1.0
2-50,2,0.5930232558139535,0.9044117647058824
2-50,3,0.8023255813953488,0.8125
2-50,4,1.0,0.8014705882352942
2-50,5,0.6201550387596899,0.5735294117647058
2-50,6,0.7674418604651163,0.4227941176470588
2-50,7,0.8449612403100775,0.31985294117647056
2-50,8,0.9147286821705426,0.20955882352941177
2-50,9,0.4806201550387597,0.47794117647058826
2-50,10,0.5542635658914729,0.2647058823529412
2-50,11,0.5852713178294574,0.125
2-50,12,0.6046511627906976,0.0
2-50,13,0.3178294573643411,0.45588235294117646
2-50,14,0.32558139534883723,0.3088235294117647
2-50,15,0.29457364341085274,0.2426470588235294
2-50,16,0.26356589147286824,0.1875
2-50,17,0.1434108527131783,0.49264705882352944
2-50,18,0.09689922480620156,0.43014705882352944
2-50,19,0.03875968992248062,0.5147058823529411
2-50,20,0.0,0.5992647058823529
2-51,0,0.1,0.9855072463768116
2-51,1,0.34615384615384615,1.0
2-51,2,0.5846153846153846,0.9021739130434783
2-51,3,0.8,0.8079710144927537
2-51,4,1.0,0.8043478260869565
2-51,5,0.6038461538461538,0.5760869565217391
2-51,6,0.7576923076923077,0.427536231884058
2-51,7,0.8384615384615385,0.32608695652173914
2-51,8,0.9115384615384615,0.2210144927536232
2-51,9,0.4653846153846154,0.48188405797101447
2-51,10,0.5423076923076923,0.2717391304347826
2-51,11,0.5807692307692308,0.13043478260869565
2-51,12,0.6076923076923076,0.0
2-51,13,0.3038461538461538,0.4601449275362319
2-51,14,0.31153846153846154,0.30434782608695654
2-51,15,0.2923076923076923,0.2391304347826087
2-51,16,0.28076923076923077,0.17753623188405798
2-51,17,0.1346153846153846,0.4927536231884058
2-51,18,0.08846153846153847,0.427536231884058
2-51,19,0.03076923076923077,0.5144927536231884
2-51,20,0.0,0.6014492753623188
2-52,0,0.07723577235772358,0.9818181818181818
2-52,1,0.33739837398373984,1.0
2-52,2,0.5813008130081301,0.9054545454545454
2-52,3,0.7926829268292683,0.8145454545454546
2-52,4,1.0,0.8109090909090909
2-52,5,0.6056910569105691,0.5745454545454546
2-52,6,0.7804878048780488,0.4254545454545455
2-52,7,0.8780487804878049,0.3236363636363636
2-52,8,0.9634146341463414,0.22181818181818183
2-52,9,0.45528455284552843,0.48
2-52,10,0.5528455284552846,0.2690909090909091
2-52,11,0.6056910569105691,0.12727272727272726
2-52,12,0.6504065040650406,0.0
2-52,13,0.2764227642276423,0.46545454545454545
2-52,14,0.2967479674796748,0.29818181818181816
2-52,15,0.2886178861788618,0.2290909090909091
2-52,16,0.2926829268292683,0.16727272727272727
2-52,17,0.08943089430894309,0.5018181818181818
2-52,18,0.06097560975609756,0.4072727272727273
2-52,19,0.02032520325203252,0.48727272727272725
2-52,20,0.0,0.5709090909090909
2-53,0,0.0,0.9775280898876404
2-53,1,0.2765957446808511,1.0
2-53,2,0.5446808510638298,0.9101123595505618
2-53,3,0.7787234042553192,0.8314606741573034
2-53,4,1.0,0.8127340823970037
2-53,5,0.5617021276595745,0.5730337078651685
2-53,6,0.7574468085106383,0.4344569288389513
2-53,7,0.8765957446808511,0.3408239700374532
2-53,8,0.9829787234042553,0.23595505617977527
2-53,9,0.4,0.4794007490636704
2-53,10,0.5276595744680851,0.2696629213483146
2-53,11,0.6042553191489362,0.13857677902621723
2-53,12,0.6851063829787234,0.0
2-53,13,0.20851063829787234,0.4606741573033708
2-53,14,0.25957446808510637,0.31086142322097376
2-53,15,0.28936170212765955,0.24719101123595505
2-53,16,0.3404255319148936,0.16853932584269662
2-53,17,0.00425531914893617,0.4943820224719101
2-53,18,0.01276595744680851,0.40823970037453183
2-53,19,0.00851063829787234,0.49812734082397003
2-53,20,0.01702127659574468,0.5842696629213483
2-54,0,0.0,0.9735849056603774
2-54,1,0.27896995708154504,1.0
2-54,2,0.5536480686695279,0.9056603773584906
2-54,3,0.7811158798283262,0.8226415094339623
2-54,4,1.0,0.8037735849056604
2-54,5,0.5579399141630901,0.5735849056603773
2-54,6,0.7553648068669528,0.4339622641509434
2-54,7,0.8798283261802575,0.33962264150943394
2-54,8,0.9871244635193133,0.24150943396226415
2-54,9,0.40772532188841204,0.47924528301886793
2-54,10,0.5407725321888412,0.2679245283018868
2-54,11,0.6266094420600858,0.13584905660377358
2-54,12,0.7253218884120172,0.0
2-54,13,0.21888412017167383,0.46037735849056605
2-54,14,0.2832618025751073,0.30566037735849055
2-54,15,0.3261802575107296,0.24150943396226415
2-54,16,0.3948497854077253,0.1660377358490566
2-54,17,0.012875536480686695,0.49433962264150944
2-54,18,0.02145922746781116,0.39245283018867927
2-54,19,0.02575107296137339,0.4716981132075472
2-54,20,0.055793991416309016,0.5509433962264151
2-55,0,0.0,0.9735849056603774
2-55,1,0.270042194092827,1.0
2-55,2,0.540084388185654,0.9132075471698113
2-55,3,0.7679324894514767,0.8188679245283019
2-55,4,0.9957805907172996,0.7962264150943397
2-55,5,0.5527426160337553,0.5811320754716981
2-55,6,0.759493670886076,0.4377358490566038
2-55,7,0.8860759493670886,0.3433962264150943
2-55,8,1.0,0.24150943396226415
2-55,9,0.4092827004219409,0.49056603773584906
2-55,10,0.5443037974683544,0.27547169811320754
2-55,11,0.6413502109704642,0.14339622641509434
2-55,12,0.7426160337552743,0.0
2-55,13,0.22784810126582278,0.4679245283018868
2-55,14,0.29957805907172996,0.3132075471698113
2-55,15,0.350210970464135,0.24150943396226415
2-55,16,0.4177215189873418,0.1509433962264151
2-55,17,0.02531645569620253,0.49433962264150944
2-55,18,0.05485232067510549,0.39245283018867927
2-55,19,0.06329113924050633,0.4641509433962264
2-55,20,0.08438818565400844,0.5358490566037736
2-56,0,0.0,0.9700374531835206
2-56,1,0.2680851063829787,1.0
2-56,2,0.5361702127659574,0.9101123595505618
2-56,3,0.7659574468085106,0.8089887640449438
2-56,4,0.9957446808510638,0.7752808988764045
2-56,5,0.5446808510638298,0.5767790262172284
2-56,6,0.7489361702127659,0.43820224719101125
2-56,7,0.8765957446808511,0.33707865168539325
2-56,8,1.0,0.23220973782771537
2-56,9,0.39574468085106385,0.48314606741573035
2-56,10,0.5404255319148936,0.27340823970037453
2-56,11,0.6425531914893617,0.13857677902621723
2-56,12,0.7489361702127659,0.0
2-56,13,0.20851063829787234,0.4606741573033708
2-56,14,0.2851063829787234,0.30711610486891383
2-56,15,0.33617021276595743,0.2397003745318352
2-56,16,0.39574468085106385,0.15730337078651685
2-56,17,0.00425531914893617,0.49063670411985016
2-56,18,0.03829787234042553,0.3895131086142322
2-56,19,0.06382978723404255,0.45318352059925093
2-56,20,0.09361702127659574,0.5205992509363296
2-57,0,0.0,0.9736842105263158
2-57,1,0.2727272727272727,1.0
2-57,2,0.5411255411255411,0.9135338345864662
2-57,3,0.7705627705627706,0.8157894736842105
2-57,4,1.0,0.7706766917293233
2-57,5,0.5584415584415584,0.575187969924812
2-57,6,0.7619047619047619,0.43609022556390975
2-57,7,0.8831168831168831,0.3383458646616541
2-57,8,1.0,0.22932330827067668
2-57,9,0.4069264069264069,0.4849624060150376
2-57,10,0.5454545454545454,0.2781954887218045
2-57,11,0.6363636363636364,0.14285714285714285
2-57,12,0.7316017316017316,0.0
2-57,13,0.21645021645021645,0.46616541353383456
2-57,14,0.2943722943722944,0.3082706766917293
2-57,15,0.3333333333333333,0.23684210526315788
2-57,16,0.38961038961038963,0.15413533834586465
2-57,17,0.012987012987012988,0.49624060150375937
2-57,18,0.03896103896103896,0.38345864661654133
2-57,19,0.05194805194805195,0.44360902255639095
2-57,20,0.07792207792207792,0.5075187969924813
2-58,0,0.0,0.9736842105263158
2-58,1,0.26956521739130435,1.0
2-58,2,0.5347826086956522,0.9060150375939849
2-58,3,0.7652173913043478,0.8082706766917294
2-58,4,0.991304347826087,0.7669172932330827
2-58,5,0.5565217391304348,0.5714285714285714
2-58,6,0.7608695652173914,0.4323308270676692
2-58,7,0.8826086956521739,0.3308270676691729
2-58,8,1.0,0.22556390977443608
2-58,9,0.4043478260869565,0.48120300751879697
2-58,10,0.5434782608695652,0.2744360902255639
2-58,11,0.6347826086956522,0.13909774436090225
2-58,12,0.7217391304347827,0.0
2-58,13,0.21739130434782608,0.46616541353383456
2-58,14,0.29130434782608694,0.30451127819548873
2-58,15,0.33043478260869563,0.23684210526315788
2-58,16,0.3826086956521739,0.15413533834586465
2-58,17,0.008695652173913044,0.49624060150375937
2-58,18,0.034782608695652174,0.37969924812030076
2-58,19,0.04782608695652174,0.4398496240601504
2-58,20,0.06956521739130435,0.5
2-59,0,0.0,0.9774436090225563
2-59,1,0.27510917030567683,1.0
2-59,2,0.5414847161572053,0.9097744360902256
2-59,3,0.7729257641921398,0.8120300751879699
2-59,4,1.0,0.7706766917293233
2-59,5,0.5633187772925764,0.575187969924812
2-59,6,0.7641921397379913,0.4323308270676692
2-59,7,0.8864628820960698,0.3308270676691729
2-59,8,1.0,0.22180451127819548
2-59,9,0.4148471615720524,0.4849624060150376
2-59,10,0.5502183406113537,0.2744360902255639
2-59,11,0.6375545851528385,0.13909774436090225
2-59,12,0.7248908296943232,0.0
2-59,13,0.22707423580786026,0.46616541353383456
2-59,14,0.29694323144104806,0.30451127819548873
2-59,15,0.3318777292576419,0.23308270676691728
2-59,16,0.37554585152838427,0.15037593984962405
2-59,17,0.017467248908296942,0.49624060150375937
2-59,18,0.043668122270742356,0.38345864661654133
2-59,19,0.05240174672489083,0.44360902255639095
2-59,20,0.06986899563318777,0.5075187969924813
2-60,0,0.0,0.9776951672862454
2-60,1,0.27312775330396477,1.0
2-60,2,0.5374449339207048,0.9070631970260223
2-60,3,0.7709251101321586,0.8066914498141264
2-60,4,1.0,0.7695167286245354
2-60,5,0.5594713656387665,0.5762081784386617
2-60,6,0.7665198237885462,0.4349442379182156
2-60,7,0.8854625550660793,0.3308550185873606
2-60,8,1.0,0.22304832713754646
2-60,9,0.40969162995594716,0.48698884758364314
2-60,10,0.5462555066079295,0.275092936802974
2-60,11,0.6343612334801763,0.1412639405204461
2-60,12,0.7180616740088106,0.0
2-60,13,0.22026431718061673,0.4684014869888476
2-60,14,0.2907488986784141,0.30855018587360594
2-60,15,0.32158590308370044,0.241635687732342
2-60,16,0.3656387665198238,0.15613382899628253
2-60,17,0.013215859030837005,0.49814126394052044
2-60,18,0.03524229074889868,0.38661710037174724
2-60,19,0.039647577092511016,0.44981412639405205
2-60,20,0.05726872246696035,0.516728624535316
2-61,0,0.0,0.9776119402985075
2-61,1,0.27510917030567683,1.0
2-61,2,0.5414847161572053,0.9067164179104478
2-61,3,0.7685589519650655,0.8022388059701493
2-61,4,1.0,0.7686567164179104
2-61,5,0.5633187772925764,0.5783582089552238
2-61,6,0.759825327510917,0.4291044776119403
2-61,7,0.8777292576419214,0.3283582089552239
2-61,8,0.9868995633187773,0.21641791044776118
2-61,9,0.4104803493449782,0.48880597014925375
2-61,10,0.5414847161572053,0.27611940298507465
2-61,11,0.6244541484716157,0.1417910447761194
2-61,12,0.7117903930131004,0.0
2-61,13,0.22270742358078602,0.4701492537313433
2-61,14,0.28820960698689957,0.30597014925373134
2-61,15,0.314410480349345,0.23880597014925373
2-61,16,0.35807860262008734,0.15671641791044777
2-61,17,0.013100436681222707,0.5
2-61,18,0.034934497816593885,0.3843283582089552
2-61,19,0.034934497816593885,0.45149253731343286
2-61,20,0.048034934497816595,0.5223880597014925
2-62,0,0.0,0.9738805970149254
2-62,1,0.27510917030567683,1.0
2-62,2,0.5414847161572053,0.9029850746268657
2-62,3,0.7685589519650655,0.8022388059701493
2-62,4,1.0,0.7686567164179104
2-62,5,0.5676855895196506,0.5708955223880597
2-62,6,0.7641921397379913,0.4291044776119403
2-62,7,0.8820960698689956,0.3246268656716418
2-62,8,0.9912663755458515,0.2126865671641791
2-62,9,0.4148471615720524,0.48134328358208955
2-62,10,0.5458515283842795,0.27611940298507465
2-62,11,0.62882096069869,0.13805970149253732
2-62,12,0.7117903930131004,0.0
2-62,13,0.22707423580786026,0.4664179104477612
2-62,14,0.28820960698689957,0.30223880597014924
2-62,15,0.31877729257641924,0.23507462686567165
2-62,16,0.35807860262008734,0.15298507462686567
2-62,17,0.021834061135371178,0.4962686567164179
2-62,18,0.03056768558951965,0.3843283582089552
2-62,19,0.03056768558951965,0.45149253731343286
2-62,20,0.043668122270742356,0.5261194029850746
2-63,0,0.0,0.9776119402985075
2-63,1,0.27155172413793105,1.0
2-63,2,0.5387931034482759,0.9029850746268657
2-63,3,0.7672413793103449,0.8022388059701493
2-63,4,1.0,0.7723880597014925
2-63,5,0.5646551724137931,0.5746268656716418
2-63,6,0.7629310344827587,0.4291044776119403
2-63,7,0.875,0.3283582089552239
2-63,8,0.9827586206896551,0.21641791044776118
2-63,9,0.41379310344827586,0.48507462686567165
2-63,10,0.5431034482758621,0.27611940298507465
2-63,11,0.625,0.13805970149253732
2-63,12,0.7068965517241379,0.0
2-63,13,0.22844827586206898,0.4664179104477612
2-63,14,0.28879310344827586,0.30223880597014924
2-63,15,0.3146551724137931,0.23880597014925373
2-63,16,0.3577586206896552,0.15671641791044777
2-63,17,0.021551724137931036,0.5
2-63,18,0.034482758620689655,0.3843283582089552
2-63,19,0.034482758620689655,0.4552238805970149
2-63,20,0.04741379310344827,0.5298507462686567
2-64,0,0.0,0.9776951672862454
2-64,1,0.2727272727272727,1.0
2-64,2,0.5411255411255411,0.9033457249070632
2-64,3,0.7705627705627706,0.8066914498141264
2-64,4,1.0,0.7769516728624535
2-64,5,0.5670995670995671,0.5724907063197026
2-64,6,0.7662337662337663,0.4312267657992565
2-64,7,0.8787878787878788,0.3271375464684015
2-64,8,0.987012987012987,0.21933085501858737
2-64,9,0.4199134199134199,0.483271375464684
2-64,10,0.5497835497835498,0.275092936802974
2-64,11,0.6277056277056277,0.1412639405204461
2-64,12,0.70995670995671,0.0
2-64,13,0.22943722943722944,0.4646840148698885
2-64,14,0.29004329004329005,0.30111524163568776
2-64,15,0.3203463203463203,0.2379182156133829
2-64,16,0.36363636363636365,0.15985130111524162
2-64,17,0.025974025974025976,0.49814126394052044
2-64,18,0.03463203463203463,0.38661710037174724
2-64,19,0.030303030303030304,0.45724907063197023
2-64,20,0.047619047619047616,0.5353159851301115
2-65,0,0.0,0.9850187265917603
2-65,1,0.27510917030567683,1.0
2-65,2,0.5502183406113537,0.9063670411985019
2-65,3,0.777292576419214,0.8089887640449438
2-65,4,1.0,0.7790262172284644
2-65,5,0.5720524017467249,0.5730337078651685
2-65,6,0.7685589519650655,0.4307116104868914
2-65,7,0.8820960698689956,0.3295880149812734
2-65,8,0.9912663755458515,0.2209737827715356
2-65,9,0.4148471615720524,0.48314606741573035
2-65,10,0.5458515283842795,0.27715355805243447
2-65,11,0.6244541484716157,0.13857677902621723
2-65,12,0.7074235807860262,0.0
2-65,13,0.22270742358078602,0.4606741573033708
2-65,14,0.2838427947598253,0.299625468164794
2-65,15,0.314410480349345,0.23595505617977527
2-65,16,0.35807860262008734,0.1647940074906367
2-65,17,0.017467248908296942,0.4943820224719101
2-65,18,0.026200873362445413,0.3857677902621723
2-65,19,0.021834061135371178,0.46441947565543074
2-65,20,0.039301310043668124,0.5468164794007491
2-66,0,0.0,0.9847908745247148
2-66,1,0.2794759825327511,1.0
2-66,2,0.5458515283842795,0.908745247148289
2-66,3,0.7729257641921398,0.8136882129277566
2-66,4,1.0,0.7832699619771863
2-66,5,0.5807860262008734,0.5741444866920152
2-66,6,0.777292576419214,0.4296577946768061
2-66,7,0.8864628820960698,0.3269961977186312
2-66,8,0.9912663755458515,0.21673003802281368
2-66,9,0.42358078602620086,0.4790874524714829
2-66,10,0.5458515283842795,0.27756653992395436
2-66,11,0.6200873362445415,0.13688212927756654
2-66,12,0.7074235807860262,0.0
2-66,13,0.2314410480349345,0.4600760456273764
2-66,14,0.2838427947598253,0.29277566539923955
2-66,15,0.314410480349345,0.23193916349809887
2-66,16,0.3624454148471616,0.16730038022813687
2-66,17,0.021834061135371178,0.49429657794676807
2-66,18,0.03056768558951965,0.3840304182509506
2-66,19,0.021834061135371178,0.46387832699619774
2-66,20,0.034934497816593885,0.5513307984790875
2-67,0,0.0,0.9807692307692307
2-67,1,0.2782608695652174,1.0
2-67,2,0.5434782608695652,0.9076923076923077
2-67,3,0.7695652173913043,0.8115384615384615
2-67,4,1.0,0.7846153846153846
2-67,5,0.5695652173913044,0.5692307692307692
2-67,6,0.7652173913043478,0.4269230769230769
2-67,7,0.8782608695652174,0.3269230769230769
2-67,8,0.9869565217391304,0.21923076923076923
2-67,9,0.41739130434782606,0.47692307692307695
2-67,10,0.5434782608695652,0.2692307692307692
2-67,11,0.6260869565217392,0.1346153846153846
2-67,12,0.7086956521739131,0.0
2-67,13,0.22608695652173913,0.4576923076923077
2-67,14,0.28695652173913044,0.29615384615384616
2-67,15,0.3130434782608696,0.23846153846153847
2-67,16,0.3565217391304348,0.17307692307692307
2-67,17,0.021739130434782608,0.48846153846153845
2-67,18,0.0391304347826087,0.36923076923076925
2-67,19,0.030434782608695653,0.45
2-67,20,0.034782608695652174,0.5384615384615384
2-68,0,0.0,0.9844357976653697
2-68,1,0.27510917030567683,1.0
2-68,2,0.5458515283842795,0.9105058365758755
2-68,3,0.7685589519650655,0.8132295719844358
2-68,4,1.0,0.7821011673151751
2-68,5,0.5633187772925764,0.5758754863813229
2-68,6,0.759825327510917,0.42412451361867703
2-68,7,0.8733624454148472,0.31906614785992216
2-68,8,0.982532751091703,0.21011673151750973
2-68,9,0.4104803493449782,0.48249027237354086
2-68,10,0.537117903930131,0.2723735408560311
2-68,11,0.6200873362445415,0.14007782101167315
2-68,12,0.7074235807860262,0.0
2-68,13,0.2183406113537118,0.4591439688715953
2-68,14,0.2794759825327511,0.30739299610894943
2-68,15,0.31004366812227074,0.2490272373540856
2-68,16,0.3537117903930131,0.17509727626459143
2-68,17,0.013100436681222707,0.490272373540856
2-68,18,0.034934497816593885,0.3735408560311284
2-68,19,0.039301310043668124,0.4474708171206226
2-68,20,0.05240174672489083,0.5252918287937743
2-69,0,0.0,0.9806201550387597
2-69,1,0.2794759825327511,1.0
2-69,2,0.5414847161572053,0.9147286821705426
2-69,3,0.7685589519650655,0.810077519379845
2-69,4,1.0,0.7751937984496124
2-69,5,0.5676855895196506,0.5697674418604651
2-69,6,0.7641921397379913,0.4263565891472868
2-69,7,0.8777292576419214,0.32170542635658916
2-69,8,0.9868995633187773,0.20930232558139536
2-69,9,0.4192139737991266,0.47674418604651164
2-69,10,0.5414847161572053,0.2713178294573643
2-69,11,0.6200873362445415,0.13565891472868216
2-69,12,0.7030567685589519,0.0
2-69,13,0.22707423580786026,0.4573643410852713
2-69,14,0.28820960698689957,0.29844961240310075
2-69,15,0.31877729257641924,0.24031007751937986
2-69,16,0.35807860262008734,0.16666666666666666
2-69,17,0.026200873362445413,0.4883720930232558
2-69,18,0.048034934497816595,0.3682170542635659
2-69,19,0.043668122270742356,0.44573643410852715
2-69,20,0.056768558951965066,0.5232558139534884
2-70,0,0.0,0.9808429118773946
2-70,1,0.27631578947368424,1.0
2-70,2,0.543859649122807,0.9080459770114943
2-70,3,0.7719298245614035,0.8045977011494253
2-70,4,1.0,0.7777777777777778
2-70,5,0.5701754385964912,0.5708812260536399
2-70,6,0.7675438596491229,0.42911877394636017
2-70,7,0.881578947368421,0.32567049808429116
2-70,8,0.9868421052631579,0.21455938697318008
2-70,9,0.42105263157894735,0.4789272030651341
2-70,10,0.543859649122807,0.2681992337164751
2-70,11,0.6228070175438597,0.13409961685823754
2-70,12,0.706140350877193,0.0
2-70,13,0.2324561403508772,0.4559386973180077
2-70,14,0.2850877192982456,0.2988505747126437
2-70,15,0.31140350877192985,0.23754789272030652
2-70,16,0.3508771929824561,0.16475095785440613
2-70,17,0.02631578947368421,0.48659003831417624
2-70,18,0.043859649122807015,0.3716475095785441
2-70,19,0.03508771929824561,0.4482758620689655
2-70,20,0.043859649122807015,0.5287356321839081
2-71,0,0.0,0.9809885931558935
2-71,1,0.2775330396475771,1.0
2-71,2,0.5462555066079295,0.908745247148289
2-71,3,0.775330396475771,0.8060836501901141
2-71,4,1.0,0.779467680608365
2-71,5,0.5726872246696035,0.5703422053231939
2-71,6,0.7709251101321586,0.42585551330798477
2-71,7,0.8854625550660793,0.3269961977186312
2-71,8,0.9911894273127754,0.21673003802281368
2-71,9,0.4185022026431718,0.4790874524714829
2-71,10,0.5462555066079295,0.2737642585551331
2-71,11,0.6255506607929515,0.13688212927756654
2-71,12,0.7092511013215859,0.0
2-71,13,0.2290748898678414,0.45627376425855515
2-71,14,0.28634361233480177,0.2965779467680608
2-71,15,0.31277533039647576,0.23574144486692014
2-71,16,0.3524229074889868,0.1634980988593156
2-71,17,0.022026431718061675,0.4866920152091255
2-71,18,0.03524229074889868,0.3726235741444867
2-71,19,0.02643171806167401,0.4524714828897338
2-71,20,0.030837004405286344,0.532319391634981
2-72,0,0.0,0.9809160305343512
2-72,1,0.2826086956521739,1.0
2-72,2,0.5478260869565217,0.9083969465648855
2-72,3,0.7739130434782608,0.8091603053435115
2-72,4,1.0,0.7824427480916031
2-72,5,0.5739130434782609,0.5725190839694656
2-72,6,0.7695652173913043,0.42748091603053434
2-72,7,0.8826086956521739,0.3244274809160305
2-72,8,0.9869565217391304,0.21755725190839695
2-72,9,0.4217391304347826,0.48091603053435117
2-72,10,0.5434782608695652,0.2748091603053435
2-72,11,0.6260869565217392,0.13740458015267176
2-72,12,0.7043478260869566,0.0
2-72,13,0.23478260869565218,0.4580152671755725
2-72,14,0.28695652173913044,0.29770992366412213
2-72,15,0.3130434782608696,0.2366412213740458
2-72,16,0.3521739130434783,0.16793893129770993
2-72,17,0.030434782608695653,0.48854961832061067
2-72,18,0.0391304347826087,0.37404580152671757
2-72,19,0.030434782608695653,0.44656488549618323
2-72,20,0.0391304347826087,0.5267175572519084
3-0,0,0.11475409836065574,1.0
3-0,1,0.3442622950819672,0.9931972789115646
3-0,2,0.5737704918032787,0.891156462585034
3-0,3,0.7663934426229508,0.7993197278911565
3-0,4,0.9508196721311475,0.7993197278911565
3-0,5,0.6229508196721312,0.6020408163265306
3-0,6,0.8114754098360656,0.4421768707482993
3-0,7,0.9180327868852459,0.3299319727891156
3-0,8,1.0,0.21768707482993196
3-0,9,0.47950819672131145,0.5136054421768708
3-0,10,0.610655737704918,0.30612244897959184
3-0,11,0.6926229508196722,0.1598639455782313
3-0,12,0.7622950819672131,0.017006802721088437
3-0,13,0.30327868852459017,0.48639455782312924
3-0,14,0.36885245901639346,0.2789115646258503
3-0,15,0.4262295081967213,0.1360544217687075
3-0,16,0.47540983606557374,0.0
3-0,17,0.11065573770491803,0.5034013605442177
3-0,18,0.06967213114754098,0.30612244897959184
3-0,19,0.02459016393442623,0.17006802721088435
3-0,20,0.0,0.030612244897959183
4-0,0,0.0,1.0
4-0,1,0.27007299270072993,0.9968944099378882
4-0,2,0.5437956204379562,0.9254658385093167
4-0,3,0.7773722627737226,0.8913043478260869
4-0,4,1.0,0.922360248447205
4-0,5,0.551094890510949,0.5683229813664596
4-0,6,0.7116788321167883,0.3944099378881988
4-0,7,0.8138686131386861,0.2857142857142857
4-0,8,0.9087591240875912,0.18012422360248448
4-0,9,0.41605839416058393,0.48757763975155277
4-0,10,0.5583941605839416,0.30745341614906835
4-0,11,0.6605839416058394,0.18012422360248448
4-0,12,0.7664233576642335,0.06521739130434782
4-0,13,0.24817518248175183,0.45652173913043476
4-0,14,0.354014598540146,0.2670807453416149
4-0,15,0.4416058394160584,0.15217391304347827
4-0,16,0.5364963503649635,0.043478260869565216
4-0,17,0.058394160583941604,0.45962732919254656
4-0,18,0.08394160583941605,0.2701863354037267
4-0,19,0.09854014598540146,0.13664596273291926
4-0,20,0.1386861313868613,0.0
5-0,0,0.0,1.0
5-0,1,0.2727272727272727,0.9938080495356038
5-0,2,0.5454545454545454,0.9195046439628483
5-0,3,0.7745454545454545,0.8885448916408669
5-0,4,1.0,0.9195046439628483
5-0,5,0.5490909090909091,0.56656346749226
5-0,6,0.7090909090909091,0.39628482972136225
5-0,7,0.8109090909090909,0.2848297213622291
5-0,8,0.9054545454545454,0.17956656346749225
5-0,9,0.41818181818181815,0.4891640866873065
5-0,10,0.5563636363636364,0.3065015479876161
5-0,11,0.6581818181818182,0.17956656346749225
5-0,12,0.76,0.06501547987616099
5-0,13,0.2509090909090909,0.4582043343653251
5-0,14,0.3527272727272727,0.2693498452012384
5-0,15,0.44,0.15170278637770898
5-0,16,0.5345454545454545,0.043343653250773995
5-0,17,0.05818181818181818,0.4613003095975232
5-0,18,0.08363636363636363,0.2724458204334365
5-0,19,0.09818181818181818,0.13622291021671826
5-0,20,0.13454545454545455,0.0
